login,type,contributions,id,html_url
WoosukKwon,User,674,46394894.0,https://github.com/WoosukKwon
DarkLight1337,User,654,44970335.0,https://github.com/DarkLight1337
youkaichao,User,467,23236638.0,https://github.com/youkaichao
mgoin,User,398,3195154.0,https://github.com/mgoin
hmellor,User,320,19981378.0,https://github.com/hmellor
Isotr0py,User,301,41363108.0,https://github.com/Isotr0py
njhill,User,236,16958488.0,https://github.com/njhill
jeejeelee,User,229,19733142.0,https://github.com/jeejeelee
simon-mo,User,178,21118851.0,https://github.com/simon-mo
ywang96,User,171,136131678.0,https://github.com/ywang96
russellb,User,165,309258.0,https://github.com/russellb
reidliu41,User,136,61492567.0,https://github.com/reidliu41
yewentao256,User,136,44945378.0,https://github.com/yewentao256
zhuohan123,User,121,17310766.0,https://github.com/zhuohan123
tlrmchlsmth,User,119,1236979.0,https://github.com/tlrmchlsmth
LucasWilkinson,User,118,8854186.0,https://github.com/LucasWilkinson
robertgshaw2-redhat,User,117,114415538.0,https://github.com/robertgshaw2-redhat
NickLucche,User,102,10706289.0,https://github.com/NickLucche
heheda12345,User,96,25218289.0,https://github.com/heheda12345
Kevin H. Luu,Anonymous,81,,
varun-sundar-rabindranath,User,81,3337719.0,https://github.com/varun-sundar-rabindranath
chaunceyjiang,User,80,17962021.0,https://github.com/chaunceyjiang
tdoublep,User,74,7945038.0,https://github.com/tdoublep
bigPYJ1151,User,74,47744603.0,https://github.com/bigPYJ1151
comaniac,User,67,8262694.0,https://github.com/comaniac
noooop,User,66,4209369.0,https://github.com/noooop
Yard1,User,65,10364161.0,https://github.com/Yard1
gshtras,User,63,156009573.0,https://github.com/gshtras
andyxning,User,55,2404712.0,https://github.com/andyxning
jikunshang,User,54,50897707.0,https://github.com/jikunshang
alexm-redhat,User,54,59768536.0,https://github.com/alexm-redhat
dsikka,User,53,22260572.0,https://github.com/dsikka
ruisearch42,User,50,161574667.0,https://github.com/ruisearch42
bnellnm,User,50,49004751.0,https://github.com/bnellnm
rkooo567,User,47,18510752.0,https://github.com/rkooo567
houseroad,User,46,30275821.0,https://github.com/houseroad
markmc,User,44,15288.0,https://github.com/markmc
bbeckca,User,41,207599689.0,https://github.com/bbeckca
22quinn,User,40,33176974.0,https://github.com/22quinn
ProExpertProg,User,39,11367180.0,https://github.com/ProExpertProg
aarnphm,User,38,29749331.0,https://github.com/aarnphm
KuntaiDu,User,36,16879550.0,https://github.com/KuntaiDu
lengrongfu,User,35,15009201.0,https://github.com/lengrongfu
joerunde,User,35,1646872.0,https://github.com/joerunde
alex-jw-brooks,User,35,10740300.0,https://github.com/alex-jw-brooks
lgeiger,User,34,13285808.0,https://github.com/lgeiger
windsonsea,User,34,79828097.0,https://github.com/windsonsea
zou3519,User,34,5652049.0,https://github.com/zou3519
LiuXiaoxuanPKU,User,33,16137495.0,https://github.com/LiuXiaoxuanPKU
wangxiyuan,User,33,10891919.0,https://github.com/wangxiyuan
tjtanaa,User,33,29171856.0,https://github.com/tjtanaa
maxdebayser,User,33,1291418.0,https://github.com/maxdebayser
MatthewBonanni,User,33,22648877.0,https://github.com/MatthewBonanni
Alexei-V-Ivanov-AMD,User,32,156011006.0,https://github.com/Alexei-V-Ivanov-AMD
yaochengji,User,32,8017489.0,https://github.com/yaochengji
MengqingCao,User,32,52243582.0,https://github.com/MengqingCao
vllmellm,User,32,190700713.0,https://github.com/vllmellm
tjohnson31415,User,31,7907693.0,https://github.com/tjohnson31415
esmeetu,User,29,6694539.0,https://github.com/esmeetu
ZJY0516,User,29,86695626.0,https://github.com/ZJY0516
sarckk,User,28,48474650.0,https://github.com/sarckk
terrytangyuan,User,27,4269898.0,https://github.com/terrytangyuan
pcmoritz,User,27,113316.0,https://github.com/pcmoritz
luccafong,User,27,116399278.0,https://github.com/luccafong
kylesayrs,User,27,17103692.0,https://github.com/kylesayrs
hongxiayang,User,27,62075498.0,https://github.com/hongxiayang
cadedaniel,User,27,950914.0,https://github.com/cadedaniel
xuechendi,User,26,4355494.0,https://github.com/xuechendi
SageMoore,User,26,6740847.0,https://github.com/SageMoore
yma11,User,25,11849056.0,https://github.com/yma11
benchislett,User,25,31750416.0,https://github.com/benchislett
huydhn,User,24,475357.0,https://github.com/huydhn
zhewenl,User,23,204946013.0,https://github.com/zhewenl
jinzhen-lin,User,23,14980050.0,https://github.com/jinzhen-lin
Jialin,User,22,2042962.0,https://github.com/Jialin
dtrifiro,User,22,36171005.0,https://github.com/dtrifiro
didier-durand,User,21,2927957.0,https://github.com/didier-durand
patrickvonplaten,User,21,23423619.0,https://github.com/patrickvonplaten
zifeitong,User,21,19350890.0,https://github.com/zifeitong
sighingnow,User,20,7144772.0,https://github.com/sighingnow
pavanimajety,User,20,33809857.0,https://github.com/pavanimajety
afeldman-nm,User,20,156691304.0,https://github.com/afeldman-nm
lsy323,User,20,6871543.0,https://github.com/lsy323
elvischenv,User,20,219235043.0,https://github.com/elvischenv
rasmith,User,20,98028.0,https://github.com/rasmith
sroy745,User,20,142070531.0,https://github.com/sroy745
Chenyaaang,User,19,42742451.0,https://github.com/Chenyaaang
wwl2755,User,19,23261448.0,https://github.com/wwl2755
divakar-amd,User,19,137818590.0,https://github.com/divakar-amd
ekagra-ranjan,User,19,3116519.0,https://github.com/ekagra-ranjan
tomeras91,User,19,57313761.0,https://github.com/tomeras91
yeqcharlotte,User,19,7269575.0,https://github.com/yeqcharlotte
kebe7jun,User,19,7303612.0,https://github.com/kebe7jun
QiliangCui,User,18,9204706.0,https://github.com/QiliangCui
lk-chen,User,18,5988771.0,https://github.com/lk-chen
minosfuture,User,18,183051201.0,https://github.com/minosfuture
huachenheli,User,18,4349062.0,https://github.com/huachenheli
ElizaWszola,User,18,26595727.0,https://github.com/ElizaWszola
davidxia,User,17,480621.0,https://github.com/davidxia
liangfu,User,17,857821.0,https://github.com/liangfu
crypdick,User,17,5415776.0,https://github.com/crypdick
dependabot[bot],Bot,17,49699333.0,https://github.com/apps/dependabot
vanbasten23,User,16,5279639.0,https://github.com/vanbasten23
ShangmingCai,User,16,171321666.0,https://github.com/ShangmingCai
DefTruth,User,16,31974251.0,https://github.com/DefTruth
andoorve,User,16,37849411.0,https://github.com/andoorve
SolitaryThinker,User,16,8941107.0,https://github.com/SolitaryThinker
sasha0552,User,16,45110640.0,https://github.com/sasha0552
BoyuanFeng,User,15,23176869.0,https://github.com/BoyuanFeng
b8zhong,User,15,184021590.0,https://github.com/b8zhong
Zerohertz,User,15,42334717.0,https://github.com/Zerohertz
shen-shanshan,User,15,87969357.0,https://github.com/shen-shanshan
vadiklyutiy,User,15,156319763.0,https://github.com/vadiklyutiy
yihong0618,User,15,15976103.0,https://github.com/yihong0618
gcalmettes,User,14,1042512.0,https://github.com/gcalmettes
charlifu,User,14,4076731.0,https://github.com/charlifu
rafvasq,User,14,11052762.0,https://github.com/rafvasq
ronensc,User,14,37826670.0,https://github.com/ronensc
eicherseiji,User,14,58963096.0,https://github.com/eicherseiji
zRzRzRzRzRzRzR,User,14,93239683.0,https://github.com/zRzRzRzRzRzRzR
ilmarkov,User,14,8823584.0,https://github.com/ilmarkov
david6666666,User,14,40507679.0,https://github.com/david6666666
WangErXiao,User,13,5558161.0,https://github.com/WangErXiao
maleksan85,User,13,164964928.0,https://github.com/maleksan85
qthequartermasterman,User,13,19497738.0,https://github.com/qthequartermasterman
qandrew,User,13,1750621.0,https://github.com/qandrew
mzusman,User,13,7231514.0,https://github.com/mzusman
Abatom,User,12,182586866.0,https://github.com/Abatom
DamonFool,User,12,19923746.0,https://github.com/DamonFool
wenscarl,User,12,25590028.0,https://github.com/wenscarl
wallashss,User,12,1860737.0,https://github.com/wallashss
sangstar,User,12,51196172.0,https://github.com/sangstar
rahul-tuli,User,11,25380596.0,https://github.com/rahul-tuli
skyloevil,User,11,8326858.0,https://github.com/skyloevil
calvin0327,User,11,45745657.0,https://github.com/calvin0327
AllenDou,User,11,1897797.0,https://github.com/AllenDou
Josephasafg,User,11,39553475.0,https://github.com/Josephasafg
princepride,User,11,29850264.0,https://github.com/princepride
Jeffwan,User,11,4739316.0,https://github.com/Jeffwan
yankay,User,11,1469319.0,https://github.com/yankay
noamgat,User,11,1331304.0,https://github.com/noamgat
orozery,User,11,17771355.0,https://github.com/orozery
panpan0000,User,11,14049268.0,https://github.com/panpan0000
Roger Wang,Anonymous,11,,
hl475,User,11,8340746.0,https://github.com/hl475
zyongye,User,11,42426329.0,https://github.com/zyongye
SzymonOzog,User,10,58388001.0,https://github.com/SzymonOzog
kouroshHakha,User,10,31483498.0,https://github.com/kouroshHakha
petersalas,User,10,3458629.0,https://github.com/petersalas
kzawora-intel,User,10,75985309.0,https://github.com/kzawora-intel
cyang49,User,10,7364402.0,https://github.com/cyang49
JenZhao,User,10,7443418.0,https://github.com/JenZhao
JartX,User,10,8399211.0,https://github.com/JartX
imkero,User,9,32296555.0,https://github.com/imkero
CSWYF3634076,User,9,58356743.0,https://github.com/CSWYF3634076
alexeykondrat,User,9,143633163.0,https://github.com/alexeykondrat
WrRan,User,9,7569098.0,https://github.com/WrRan
CRZbulabula,User,9,33111881.0,https://github.com/CRZbulabula
richardsliu,User,9,39319471.0,https://github.com/richardsliu
beginlner,User,9,31004720.0,https://github.com/beginlner
pooyadavoodi,User,9,7076961.0,https://github.com/pooyadavoodi
nvpohanh,User,9,53919306.0,https://github.com/nvpohanh
sfeng33,User,9,200688931.0,https://github.com/sfeng33
npanpaliya,User,8,14196089.0,https://github.com/npanpaliya
rickyyx,User,8,11676094.0,https://github.com/rickyyx
Akashcodes732,User,8,61960177.0,https://github.com/Akashcodes732
andylolu2,User,8,66584117.0,https://github.com/andylolu2
zixi-qi,User,8,22851944.0,https://github.com/zixi-qi
leiwen83,User,8,18640128.0,https://github.com/leiwen83
googs1025,User,8,86391540.0,https://github.com/googs1025
ilya-lavrenov,User,8,2566854.0,https://github.com/ilya-lavrenov
jerryzh168,User,8,4958441.0,https://github.com/jerryzh168
kaixih,User,8,4001424.0,https://github.com/kaixih
Potabk,User,8,166481948.0,https://github.com/Potabk
louie-tsai,User,8,21761437.0,https://github.com/louie-tsai
schoennenbeck,User,8,22288048.0,https://github.com/schoennenbeck
HermitSun,User,8,35923278.0,https://github.com/HermitSun
bwasti,User,8,4842908.0,https://github.com/bwasti
Xu-Wenqing,User,8,121550081.0,https://github.com/Xu-Wenqing
zhouyuan,User,8,43917.0,https://github.com/zhouyuan
dongbo910220,User,8,32610838.0,https://github.com/dongbo910220
kliuae,User,8,17350011.0,https://github.com/kliuae
zhenwei-intel,User,7,109187816.0,https://github.com/zhenwei-intel
chenxu2048,User,7,15109893.0,https://github.com/chenxu2048
yyzxw,User,7,34639446.0,https://github.com/yyzxw
yarongmu-google,User,7,150371854.0,https://github.com/yarongmu-google
xwjiang2010,User,7,87673679.0,https://github.com/xwjiang2010
whyiug,User,7,6668626.0,https://github.com/whyiug
omrishiv,User,7,327609.0,https://github.com/omrishiv
fxmarty-amd,User,7,180171742.0,https://github.com/fxmarty-amd
angelayi,User,7,10901756.0,https://github.com/angelayi
aurickq,User,7,6137920.0,https://github.com/aurickq
gaocegege,User,7,5100735.0,https://github.com/gaocegege
CatherineSue,User,7,8605658.0,https://github.com/CatherineSue
chaojun-zhang,User,7,1573221.0,https://github.com/chaojun-zhang
juliendenize,User,7,40604584.0,https://github.com/juliendenize
waltforme,User,7,8633434.0,https://github.com/waltforme
aws-satyajith,User,7,175759719.0,https://github.com/aws-satyajith
llsj14,User,7,33976427.0,https://github.com/llsj14
wseaton,User,7,16678729.0,https://github.com/wseaton
xyang16,User,7,105740670.0,https://github.com/xyang16
liuyanyi,User,7,11705038.0,https://github.com/liuyanyi
cascade812,User,7,7135567.0,https://github.com/cascade812
chenqianfzh,User,7,51831990.0,https://github.com/chenqianfzh
fhl2000,User,7,63384265.0,https://github.com/fhl2000
Imss27,User,6,76841985.0,https://github.com/Imss27
cjackal,User,6,44624812.0,https://github.com/cjackal
czhu-cohere,User,6,207597296.0,https://github.com/czhu-cohere
ihb2032,User,6,40718643.0,https://github.com/ihb2032
nvjullin,User,6,194325992.0,https://github.com/nvjullin
shixianc,User,6,49539556.0,https://github.com/shixianc
zhaoyang-star,User,6,24290792.0,https://github.com/zhaoyang-star
HollowMan6,User,6,43995067.0,https://github.com/HollowMan6
elaineyz,User,6,188513531.0,https://github.com/elaineyz
mawong-amd,User,6,156021403.0,https://github.com/mawong-amd
hanzhi713,User,6,21034047.0,https://github.com/hanzhi713
B-201,User,6,116639249.0,https://github.com/B-201
djmmoss,User,6,6038874.0,https://github.com/djmmoss
fadara01,User,6,115173828.0,https://github.com/fadara01
janimo,User,6,50138.0,https://github.com/janimo
youngkent,User,6,1106275.0,https://github.com/youngkent
prashantgupta24,User,6,9909241.0,https://github.com/prashantgupta24
rabi,User,6,46783.0,https://github.com/rabi
gau-nernst,User,6,26946864.0,https://github.com/gau-nernst
yangw-dev,User,6,186225710.0,https://github.com/yangw-dev
ApostaC,User,6,25103655.0,https://github.com/ApostaC
linzebing,User,6,9404831.0,https://github.com/linzebing
ahao-anyscale,User,6,228601960.0,https://github.com/ahao-anyscale
ayushsatyam146,User,5,55888723.0,https://github.com/ayushsatyam146
samanamp,User,5,2099595.0,https://github.com/samanamp
sergiopaniego,User,5,17179696.0,https://github.com/sergiopaniego
2015aroras,User,5,19700980.0,https://github.com/2015aroras
842974287,User,5,20773414.0,https://github.com/842974287
simondanielsson,User,5,70206058.0,https://github.com/simondanielsson
wenhuach21,User,5,108330088.0,https://github.com/wenhuach21
xiangxu-google,User,5,117880274.0,https://github.com/xiangxu-google
fyabc,User,5,12120155.0,https://github.com/fyabc
yannicks1,User,5,43552841.0,https://github.com/yannicks1
Edwardf0t1,User,5,24870971.0,https://github.com/Edwardf0t1
pwschuurman,User,5,2660769.0,https://github.com/pwschuurman
qscqesze,User,5,7346749.0,https://github.com/qscqesze
wuhang2014,User,5,8769248.0,https://github.com/wuhang2014
izhuhaoran,User,5,43847754.0,https://github.com/izhuhaoran
zspo,User,5,26846598.0,https://github.com/zspo
wulipc,User,5,26085463.0,https://github.com/wulipc
gty111,User,5,51089307.0,https://github.com/gty111
HwwwwwwwH,User,5,52458637.0,https://github.com/HwwwwwwwH
alecsolder,User,5,10566873.0,https://github.com/alecsolder
bbrowning,User,5,56071.0,https://github.com/bbrowning
avshalomman,User,5,12231371.0,https://github.com/avshalomman
bbartels,User,5,23058572.0,https://github.com/bbartels
abmfy,User,5,20623941.0,https://github.com/abmfy
bringlein,User,5,9336784.0,https://github.com/bringlein
chenxi-yang,User,5,34398300.0,https://github.com/chenxi-yang
christian-pinto,User,5,55737893.0,https://github.com/christian-pinto
Concurrensee,User,5,78570093.0,https://github.com/Concurrensee
gesanqiu,User,5,37237570.0,https://github.com/gesanqiu
zucchini-nlp,User,5,100715397.0,https://github.com/zucchini-nlp
Sanster,User,5,3998421.0,https://github.com/Sanster
peng1999,User,5,12483662.0,https://github.com/peng1999
mspronesti,User,5,44113430.0,https://github.com/mspronesti
jsato8094,User,5,18683209.0,https://github.com/jsato8094
TheEpicDolphin,User,5,32987265.0,https://github.com/TheEpicDolphin
gmarinho2,User,5,104592062.0,https://github.com/gmarinho2
elvircrn,User,5,5296734.0,https://github.com/elvircrn
elfiegg,User,5,164945471.0,https://github.com/elfiegg
drisspg,User,5,32754868.0,https://github.com/drisspg
dougbtv,User,5,5472189.0,https://github.com/dougbtv
jvlunteren,User,4,161835099.0,https://github.com/jvlunteren
jiahanc,User,4,173873397.0,https://github.com/jiahanc
iAmir97,User,4,71513472.0,https://github.com/iAmir97
gnovack,User,4,50467879.0,https://github.com/gnovack
daniel-salib,User,4,197140876.0,https://github.com/daniel-salib
courage17340,User,4,8243988.0,https://github.com/courage17340
co63oc,User,4,4617245.0,https://github.com/co63oc
cennn,User,4,61925104.0,https://github.com/cennn
MoyanZitto,User,4,10725096.0,https://github.com/MoyanZitto
amirkl94,User,4,203507526.0,https://github.com/amirkl94
zhxchen17,User,4,4945294.0,https://github.com/zhxchen17
Michaelvll,User,4,6753189.0,https://github.com/Michaelvll
fabianlim,User,4,8325951.0,https://github.com/fabianlim
kylehh,User,4,24217337.0,https://github.com/kylehh
kushanam,User,4,42385577.0,https://github.com/kushanam
litianjian,User,4,45817262.0,https://github.com/litianjian
liuyhwangyh,User,4,3191272.0,https://github.com/liuyhwangyh
nopperl,User,4,54780682.0,https://github.com/nopperl
qli88,User,4,178824837.0,https://github.com/qli88
samzong,User,4,13782141.0,https://github.com/samzong
twaka,User,4,8081197.0,https://github.com/twaka
wchen61,User,4,24752948.0,https://github.com/wchen61
whx-sjtu,User,4,56632993.0,https://github.com/whx-sjtu
yansh97,User,4,26669188.0,https://github.com/yansh97
youzhedian,User,4,41983536.0,https://github.com/youzhedian
xffxff,User,4,30254428.0,https://github.com/xffxff
zixuanzhang226,User,4,171880989.0,https://github.com/zixuanzhang226
dr75,User,4,5467316.0,https://github.com/dr75
cyyever,User,4,17618148.0,https://github.com/cyyever
br3no,User,4,30877433.0,https://github.com/br3no
AaruniAggarwal,User,4,47731267.0,https://github.com/AaruniAggarwal
AzizCode92,User,4,19540527.0,https://github.com/AzizCode92
luyuzhe111,User,4,55512809.0,https://github.com/luyuzhe111
CAROLZXYZXY,User,4,24667792.0,https://github.com/CAROLZXYZXY
CXIAAAAA,User,4,16792959.0,https://github.com/CXIAAAAA
noemotiovon,User,4,87689256.0,https://github.com/noemotiovon
pliops-daniels,User,4,74646983.0,https://github.com/pliops-daniels
sdavidbd,User,4,192079623.0,https://github.com/sdavidbd
dilipgb,User,4,110233170.0,https://github.com/dilipgb
dylanwhawk,User,4,51147702.0,https://github.com/dylanwhawk
BloodAxe,User,4,532320.0,https://github.com/BloodAxe
hsliuustc0106,User,4,222337142.0,https://github.com/hsliuustc0106
ignaciosica,User,4,95779146.0,https://github.com/ignaciosica
jamestwhedbee,User,4,12284086.0,https://github.com/jamestwhedbee
YaoJiayi,User,4,82156730.0,https://github.com/YaoJiayi
chenyang78,User,4,757430.0,https://github.com/chenyang78
XiaobingSuper,User,4,16217777.0,https://github.com/XiaobingSuper
sywangyi,User,4,36058628.0,https://github.com/sywangyi
tywuAMD,User,4,24844634.0,https://github.com/tywuAMD
skylee-01,User,4,46676799.0,https://github.com/skylee-01
bufferoverflow,User,4,378909.0,https://github.com/bufferoverflow
rzabarazesh,User,4,3146276.0,https://github.com/rzabarazesh
Qubitium,User,4,417764.0,https://github.com/Qubitium
morrison-turnansky,User,4,214027003.0,https://github.com/morrison-turnansky
mickaelseznec,User,4,6839862.0,https://github.com/mickaelseznec
mmoskal,User,4,10673976.0,https://github.com/mmoskal
michaelfeil,User,4,63565275.0,https://github.com/michaelfeil
megha95,User,4,16129366.0,https://github.com/megha95
draftbk,User,4,12109726.0,https://github.com/draftbk
K-Mistele,User,4,18430555.0,https://github.com/K-Mistele
jmkuebler,User,4,44084297.0,https://github.com/jmkuebler
s3woz,User,3,77159600.0,https://github.com/s3woz
stas00,User,3,10676103.0,https://github.com/stas00
p88h,User,3,5639004.0,https://github.com/p88h
SwapnilDreams100,User,3,29151166.0,https://github.com/SwapnilDreams100
taohui,User,3,8622965.0,https://github.com/taohui
teekenl,User,3,13831887.0,https://github.com/teekenl
tterrysun,User,3,149540247.0,https://github.com/tterrysun
tristanleclercq,User,3,49700633.0,https://github.com/tristanleclercq
vrdn-23,User,3,16606656.0,https://github.com/vrdn-23
wayzeng,User,3,48810492.0,https://github.com/wayzeng
SmartManoj,User,3,7231077.0,https://github.com/SmartManoj
Oliver-ss,User,3,44120206.0,https://github.com/Oliver-ss
southfreebird,User,3,22860855.0,https://github.com/southfreebird
scsudhak-intel,User,3,93188454.0,https://github.com/scsudhak-intel
csy1204,User,3,18041103.0,https://github.com/csy1204
rogeryoungh,User,3,42564206.0,https://github.com/rogeryoungh
ratnampa,User,3,114774508.0,https://github.com/ratnampa
paulpak58,User,3,52512091.0,https://github.com/paulpak58
NikolaBorisov,User,3,184322.0,https://github.com/NikolaBorisov
nikhil-arm,User,3,172592894.0,https://github.com/nikhil-arm
namanlalitnyu,User,3,149608140.0,https://github.com/namanlalitnyu
micah-wil,User,3,181019437.0,https://github.com/micah-wil
max-wittig,User,3,6639323.0,https://github.com/max-wittig
lucas-tucker,User,3,47258766.0,https://github.com/lucas-tucker
zhyncs,User,3,46627482.0,https://github.com/zhyncs
morgendave,User,3,11638842.0,https://github.com/morgendave
xendo,User,3,287570.0,https://github.com/xendo
weireweire,User,3,20922698.0,https://github.com/weireweire
wangshuai09,User,3,25071151.0,https://github.com/wangshuai09
sixsixcoder,User,3,180172602.0,https://github.com/sixsixcoder
quanliu1991,User,3,33453350.0,https://github.com/quanliu1991
jmswen,User,3,250397.0,https://github.com/jmswen
hissu-hyvarinen,User,3,181743662.0,https://github.com/hissu-hyvarinen
fzyzcjy,User,3,5236035.0,https://github.com/fzyzcjy
kingljl,User,3,5028386.0,https://github.com/kingljl
dongluw,User,3,108290936.0,https://github.com/dongluw
danielafrimi,User,3,45691845.0,https://github.com/danielafrimi
dtransposed,User,3,28805077.0,https://github.com/dtransposed
Prowindy,User,3,5291575.0,https://github.com/Prowindy
ant-yy,User,3,207526073.0,https://github.com/ant-yy
yunfeng-scale,User,3,83252681.0,https://github.com/yunfeng-scale
piood,User,3,54204033.0,https://github.com/piood
yuguo68,User,3,82124926.0,https://github.com/yuguo68
hyongtao-code,User,3,99629139.0,https://github.com/hyongtao-code
yinghai,User,3,1100089.0,https://github.com/yinghai
zhengy001,User,3,50227060.0,https://github.com/zhengy001
xu-song,User,3,13825126.0,https://github.com/xu-song
charlotte12l,User,3,38244988.0,https://github.com/charlotte12l
Ximingwang-09,User,3,72070413.0,https://github.com/Ximingwang-09
Lucaskabela,User,3,20960393.0,https://github.com/Lucaskabela
kfhfar,User,3,224145647.0,https://github.com/kfhfar
faaany,User,3,24477841.0,https://github.com/faaany
seemethere,User,3,1700823.0,https://github.com/seemethere
dllehr-amd,User,3,91553416.0,https://github.com/dllehr-amd
Dinghow,User,3,25077108.0,https://github.com/Dinghow
dhiaEddineRhaiem,User,3,163106757.0,https://github.com/dhiaEddineRhaiem
dcampora,User,3,961215.0,https://github.com/dcampora
coreylowman,User,3,7787278.0,https://github.com/coreylowman
conroy-cheers,User,3,9310662.0,https://github.com/conroy-cheers
smarterclayton,User,3,1163175.0,https://github.com/smarterclayton
chiragjn,User,3,10295418.0,https://github.com/chiragjn
fake0fan,User,3,15071294.0,https://github.com/fake0fan
Jason-CKY,User,3,27609953.0,https://github.com/Jason-CKY
Chen-0210,User,3,112855051.0,https://github.com/Chen-0210
what-in-the-nim,User,3,67754293.0,https://github.com/what-in-the-nim
casper-hansen,User,3,27340033.0,https://github.com/casper-hansen
caiom,User,3,10866874.0,https://github.com/caiom
h-brenoskuk,User,3,206560969.0,https://github.com/h-brenoskuk
LunrEclipse,User,3,35351983.0,https://github.com/LunrEclipse
FurtherAI,User,3,50646302.0,https://github.com/FurtherAI
wuisawesome,User,3,3980609.0,https://github.com/wuisawesome
sakogan,User,3,82225080.0,https://github.com/sakogan
adobrzyn,User,3,160237065.0,https://github.com/adobrzyn
Abirdcfly,User,3,5100555.0,https://github.com/Abirdcfly
chi2liu,User,3,19861628.0,https://github.com/chi2liu
lionelvillard,User,3,6598801.0,https://github.com/lionelvillard
Liangliang-Ma,User,3,17159645.0,https://github.com/Liangliang-Ma
lhtin,User,3,13173904.0,https://github.com/lhtin
IwakuraRein,User,3,28486541.0,https://github.com/IwakuraRein
kyuyeunk,User,3,62023335.0,https://github.com/kyuyeunk
kevin314,User,3,42618777.0,https://github.com/kevin314
kerthcet,User,3,18364341.0,https://github.com/kerthcet
Jun-Howie,User,3,62869005.0,https://github.com/Jun-Howie
jpvillam-amd,User,3,100237675.0,https://github.com/jpvillam-amd
jonghyunchoe,User,3,52521749.0,https://github.com/jonghyunchoe
jberkhahn,User,3,5873242.0,https://github.com/jberkhahn
1195343015,User,3,66017932.0,https://github.com/1195343015
sfc-gh-zhwang,User,3,135062830.0,https://github.com/sfc-gh-zhwang
flaviabeo,User,3,119421251.0,https://github.com/flaviabeo
fpaupier,User,3,29223998.0,https://github.com/fpaupier
gracehonv,User,3,146482179.0,https://github.com/gracehonv
hbikki,User,3,39381063.0,https://github.com/hbikki
hyoon1,User,3,156028780.0,https://github.com/hyoon1
hliuca,User,3,96135754.0,https://github.com/hliuca
hyeygit,User,3,45211235.0,https://github.com/hyeygit
eltociear,User,3,22633385.0,https://github.com/eltociear
Etelis,User,3,92247226.0,https://github.com/Etelis
JJJYmmm,User,3,92386084.0,https://github.com/JJJYmmm
jianzs,User,3,20160766.0,https://github.com/jianzs
JArnoldAMD,User,3,103538711.0,https://github.com/JArnoldAMD
杨朱 · Kiki,Anonymous,2,,
Yihuan Bu,Anonymous,2,,
Yi Liu,Anonymous,2,,
Yehoshua Cohen,Anonymous,2,,
Yash Pratap Singh,Anonymous,2,,
Yang Liu,Anonymous,2,,
Xudong Zhang,Anonymous,2,,
Xiaozhu Meng,Anonymous,2,,
Xiao,Anonymous,2,,
Woo-Yeon Lee,Anonymous,2,,
William Song,Anonymous,2,,
Wes,Anonymous,2,,
Wenxiang,Anonymous,2,,
Weixiao Huang,Anonymous,2,,
Weida Hong,Anonymous,2,,
Wanrui Dai,Anonymous,2,,
WRH,Anonymous,2,,
Ziji Shi (Steven),Anonymous,2,,
Zhuofan,Anonymous,2,,
Zhou Jiahao,Anonymous,2,,
Zhou Fang,Anonymous,2,,
Zhong Qishuai,Anonymous,2,,
Zhiyuan Li,Anonymous,2,,
Zhikaiiii,Anonymous,2,,
Zhengyuan Su (苏政渊),Anonymous,2,,
Zach Zheng,Anonymous,2,,
Yuqi Zhang,Anonymous,2,,
Yunmeng,Anonymous,2,,
Yuekai Zhang,Anonymous,2,,
Yue Zhang,Anonymous,2,,
Yu-Zhou,Anonymous,2,,
YiwenC,Anonymous,2,,
Yikun Jiang,Anonymous,2,,
Shintarou Okada,Anonymous,2,,
Shinichi Hemmi,Anonymous,2,,
Shawn Tan,Anonymous,2,,
Shawn Huang,Anonymous,2,,
Shawn Du,Anonymous,2,,
Shaoting,Anonymous,2,,
Seth Kimmel,Anonymous,2,,
Serena,Anonymous,2,,
Seonghyeon,Anonymous,2,,
Samuel Shen,Anonymous,2,,
Sam Stoelinga,Anonymous,2,,
Sahithi Chigurupati,Anonymous,2,,
Rémi Delacourt,Anonymous,2,,
Roy,Anonymous,2,,
RonaldBXu,Anonymous,2,,
Roberto L. Castro,Anonymous,2,,
Vladimir,Anonymous,2,,
Vensen,Anonymous,2,,
Varad Ahirwadkar,Anonymous,2,,
Uranus,Anonymous,2,,
"Tuan, Hoang-Trong",Anonymous,2,,
Tova Movshovitz,Anonymous,2,,
Tomas Ruiz,Anonymous,2,,
TimWang,Anonymous,2,,
Thomas Parnell,Anonymous,2,,
Teruaki Ishizaki,Anonymous,2,,
Tahsin Tunan,Anonymous,2,,
Sungyoon Jeong,Anonymous,2,,
Suhong Moon,Anonymous,2,,
Steve Grubb,Anonymous,2,,
Stephen Krider,Anonymous,2,,
Siyuan (Ryans) Zhuang,Anonymous,2,,
usberkeley,Anonymous,2,,
toncao,Anonymous,2,,
tc-mb,Anonymous,2,,
tastelikefeet,Anonymous,2,,
sumitd2,Anonymous,2,,
sstamenk,Anonymous,2,,
simpx,Anonymous,2,,
sfbemerk,Anonymous,2,,
sangho.lee,Anonymous,2,,
rouchenzi,Anonymous,2,,
qscqesze,Anonymous,2,,
omkar kakarparthi,Anonymous,2,,
omer-dayan,Anonymous,2,,
omer-dayan,Anonymous,2,,
nunjunj,Anonymous,2,,
niu_he,Anonymous,2,,
ztang2370,Anonymous,2,,
zhaotyer,Anonymous,2,,
zh Wang,Anonymous,2,,
ywfang,Anonymous,2,,
yugong333,Anonymous,2,,
yitingdc,Anonymous,2,,
yexin(叶鑫),Anonymous,2,,
xyxinyang,Anonymous,2,,
xsank,Anonymous,2,,
xiao-llm,Anonymous,2,,
xiangze-arm,Anonymous,2,,
xcnick,Anonymous,2,,
who who who,Anonymous,2,,
wenxindongwork,Anonymous,2,,
wangln19,Anonymous,2,,
wangding zeng,Anonymous,2,,
haoyangli-amd,Anonymous,2,,
gmagogsfm,Anonymous,2,,
fyuan1316,Anonymous,2,,
felixzhu555,Anonymous,2,,
explainerauthors,Anonymous,2,,
ericehanley,Anonymous,2,,
dsinghvi,Anonymous,2,,
danieljannai21,Anonymous,2,,
dancingpipi,Anonymous,2,,
codethazine,Anonymous,2,,
chaow-amd,Anonymous,2,,
bingchen-mi,Anonymous,2,,
billishyahao,Anonymous,2,,
baonudesifeizhai,Anonymous,2,,
ajayvohra2005,Anonymous,2,,
Zijing Liu,Anonymous,2,,
milo157,Anonymous,2,,
milesial,Anonymous,2,,
maobaolong,Anonymous,2,,
maang-h,Anonymous,2,,
lyrisz,Anonymous,2,,
li2haipeng,Anonymous,2,,
leon-seidel,Anonymous,2,,
ldwang,Anonymous,2,,
jon-chuang,Anonymous,2,,
jennyyyyzhen,Anonymous,2,,
ioana ghiban,Anonymous,2,,
inkcherry,Anonymous,2,,
hustxiayang,Anonymous,2,,
hhzhang16,Anonymous,2,,
hfan,Anonymous,2,,
harrywu,Anonymous,2,,
Florian Greinacher,Anonymous,2,,
Farzad Abdolhosseini,Anonymous,2,,
ExtReMLapin,Anonymous,2,,
Eric Yue,Anonymous,2,,
Eric Curtin,Anonymous,2,,
Eric,Anonymous,2,,
Eldar Kurtić,Anonymous,2,,
Eldar Kurtic,Anonymous,2,,
Edwin Hernandez,Anonymous,2,,
DearPlanet,Anonymous,2,,
Daniel Li,Anonymous,2,,
Daniel Han,Anonymous,2,,
Dan Lord,Anonymous,2,,
Dan Clark,Anonymous,2,,
Daisy-Ma-coder,Anonymous,2,,
Csrayz,Anonymous,2,,
Himanshu Jaju,Anonymous,2,,
Heng Guo,Anonymous,2,,
Helena Kloosterman,Anonymous,2,,
Hashem Hashemi,Anonymous,2,,
Hank_,Anonymous,2,,
Hanchenli,Anonymous,2,,
Haichuan,Anonymous,2,,
H,Anonymous,2,,
Guy Stone,Anonymous,2,,
Guillaume Calmettes,Anonymous,2,,
GuanLuo,Anonymous,2,,
Gordon Wong,Anonymous,2,,
Gene Der Su,Anonymous,2,,
Fred Reiss,Anonymous,2,,
Frank Wang,Anonymous,2,,
FlorianJoncour,Anonymous,2,,
sydarb,User,2,79010410.0,https://github.com/sydarb
AoyuQC,User,2,4879237.0,https://github.com/AoyuQC
annapendleton,User,2,13793293.0,https://github.com/annapendleton
atalman,User,2,7563158.0,https://github.com/atalman
garg-amit,User,2,19791871.0,https://github.com/garg-amit
tmm1,User,2,2567.0,https://github.com/tmm1
c3-ali,User,2,64020589.0,https://github.com/c3-ali
anmarques,User,2,18424174.0,https://github.com/anmarques
AlexHe99,User,2,172005681.0,https://github.com/AlexHe99
Akshat-Tripathi,User,2,30936118.0,https://github.com/Akshat-Tripathi
adabeyta,User,2,227273706.0,https://github.com/adabeyta
nie3e,User,2,69011980.0,https://github.com/nie3e
agt,User,2,11641117.0,https://github.com/agt
Tostino,User,2,8227578.0,https://github.com/Tostino
abhigoyal1997,User,2,16670668.0,https://github.com/abhigoyal1997
aaron-ang,User,2,67321817.0,https://github.com/aaron-ang
Congcong Chen,Anonymous,2,,
Chujie Zheng,Anonymous,2,,
Christian Heimes,Anonymous,2,,
vermouth1992,User,2,10685560.0,https://github.com/vermouth1992
cli99,User,2,17418037.0,https://github.com/cli99
wcwuwc,User,2,72850361.0,https://github.com/wcwuwc
wangchen615,User,2,39573014.0,https://github.com/wangchen615
chanh,User,2,479506.0,https://github.com/chanh
CalebDu,User,2,59528230.0,https://github.com/CalebDu
chu-tianxiang,User,2,22274071.0,https://github.com/chu-tianxiang
bvrockwell,User,2,24945384.0,https://github.com/bvrockwell
BowenBao,User,2,9376104.0,https://github.com/BowenBao
bong-furiosa,User,2,152451401.0,https://github.com/bong-furiosa
FoolPlayer,User,2,45593998.0,https://github.com/FoolPlayer
kzjeef,User,2,113606.0,https://github.com/kzjeef
ariG23498,User,2,36856589.0,https://github.com/ariG23498
Nathan Weinberg,Anonymous,2,,
Nan Qin,Anonymous,2,,
Nadav Shmayovits,Anonymous,2,,
Mohammad Miadh Angkad,Anonymous,2,,
MoeedDar,Anonymous,2,,
Ming Yang,Anonymous,2,,
Mikhail Podvitskii,Anonymous,2,,
Michael Green,Anonymous,2,,
Md. Shafi Hussain,Anonymous,2,,
Mathis Felardos,Anonymous,2,,
Martin Hoyer,Anonymous,2,,
Mahesh Keralapura,Anonymous,2,,
Madeesh Kannan,Anonymous,2,,
Luis Vega,Anonymous,2,,
Luciano Martins,Anonymous,2,,
Lingfan Yu,Anonymous,2,,
Richard Barnes,Anonymous,2,,
Reza Salehi,Anonymous,2,,
Rex,Anonymous,2,,
Ram,Anonymous,2,,
Raghavan,Anonymous,2,,
Raghav Ravishankar,Anonymous,2,,
R3hankhan,Anonymous,2,,
Qiming Zhang,Anonymous,2,,
Qier Li,Anonymous,2,,
Pradyun92,Anonymous,2,,
Pleaplusone,Anonymous,2,,
PiteXChen,Anonymous,2,,
Pernekhan Utemuratov,Anonymous,2,,
Percy,Anonymous,2,,
Pastel！,Anonymous,2,,
Naveassaf,Anonymous,2,,
Jim Burtoft,Anonymous,2,,
Jiangtao Hu,Anonymous,2,,
Jevin Jiang,Anonymous,2,,
Jeff Daily,Anonymous,2,,
Jeff Cook,Anonymous,2,,
Jean Schmidt,Anonymous,2,,
Jaya Yuan,Anonymous,2,,
Jason Zhu,Anonymous,2,,
Jason Li,Anonymous,2,,
Jannis Schönleber,Anonymous,2,,
Jae-Won Chung,Anonymous,2,,
Iskren Ivov Chernev,Anonymous,2,,
Icey,Anonymous,2,,
Hyunsung Lee,Anonymous,2,,
Huzaifa Sidhpurwala,Anonymous,2,,
Huazhong Ji,Anonymous,2,,
Lifu Huang,Anonymous,2,,
Lifans,Anonymous,2,,
Kyle Yu,Anonymous,2,,
Kwai-Keye,Anonymous,2,,
Kazuhiro Serizawa,Anonymous,2,,
Karan Goel,Anonymous,2,,
Junyang Lin,Anonymous,2,,
Junhao Li,Anonymous,2,,
Jungho Christopher Cho,Anonymous,2,,
Junda Chen,Anonymous,2,,
Jonathan Chen,Anonymous,2,,
Johnny Yang,Anonymous,2,,
Joe Runde,Anonymous,2,,
Joe,Anonymous,2,,
Jingru,Anonymous,2,,
Jinghui Zhang,Anonymous,2,,
Xiong Wang,Anonymous,1,,
Xudong Ma,Anonymous,1,,
XuruiYang,Anonymous,1,,
YHPeter,Anonymous,1,,
YUQI.CHENG,Anonymous,1,,
Yajie Wang,Anonymous,1,,
YajieWang,Anonymous,1,,
YamPengLi,Anonymous,1,,
Yan Burman,Anonymous,1,,
Xinyu Yang,Anonymous,1,,
Xinyu Chen,Anonymous,1,,
Xin Li,Anonymous,1,,
Ximo Guanter,Anonymous,1,,
Xihui Cang,Anonymous,1,,
Xiaozhu Meng,Anonymous,1,,
Xiaoyu Zhang,Anonymous,1,,
Xiaohan Zou,Anonymous,1,,
Zuxin,Anonymous,1,,
Yazan Sharaya,Anonymous,1,,
Yasmin Moslem,Anonymous,1,,
Yanming W,Anonymous,1,,
Yanming W,Anonymous,1,,
Yangshen⚡Deng,Anonymous,1,,
Yangcheng Li,Anonymous,1,,
Yangcheng Li,Anonymous,1,,
Yang.Tao,Anonymous,1,,
"Yang, Bo",Anonymous,1,,
Yang Yang,Anonymous,1,,
Yang Liu,Anonymous,1,,
Yang Kaiyong,Anonymous,1,,
Yang Chen,Anonymous,1,,
Yan Ru Pei,Anonymous,1,,
Yan Pashkovsky,Anonymous,1,,
Yan Ma,Anonymous,1,,
Wenchen Lo,Anonymous,1,,
WeiCheng,Anonymous,1,,
Wei-Sheng Chin,Anonymous,1,,
Wei-Sheng Chin,Anonymous,1,,
Wei Wei,Anonymous,1,,
Wei,Anonymous,1,,
Wei,Anonymous,1,,
WangHuaqiang,Anonymous,1,,
Wang Yijun,Anonymous,1,,
Wang Siyuan,Anonymous,1,,
Wang Ran (汪然),Anonymous,1,,
WanMok,Anonymous,1,,
Walter Beller-Morales,Anonymous,1,,
WWW,Anonymous,1,,
WANGWEI,Anonymous,1,,
Vladislav Kruglikov,Anonymous,1,,
Selali,Anonymous,1,,
Xiaodong Wang,Anonymous,1,,
Xiaodong Wang,Anonymous,1,,
Xiangyu Li,Anonymous,1,,
Xiang Si,Anonymous,1,,
Xiake Sun,Anonymous,1,,
Xerxes,Anonymous,1,,
Xander Johnson,Anonymous,1,,
Wushi Dong,Anonymous,1,,
Woonggi Min,Anonymous,1,,
Woo-Yeon Lee,Anonymous,1,,
Wilson Wu,Anonymous,1,,
Will Johnson,Anonymous,1,,
Wenzheng Bi,Anonymous,1,,
Wenxin Cheng,Anonymous,1,,
Wenwei Zhang,Anonymous,1,,
Went-Liang,Anonymous,1,,
Wenfei Yan,Anonymous,1,,
ZincCat,Anonymous,1,,
Zilin Zhu,Anonymous,1,,
Zijin Xiao,Anonymous,1,,
Zijian Hu,Anonymous,1,,
ZiTian.Zhao,Anonymous,1,,
Zhiyuan Li,Anonymous,1,,
Zhiyu,Anonymous,1,,
Zhengxu Chen,Anonymous,1,,
Zhe Zhang,Anonymous,1,,
Zhe Zhang,Anonymous,1,,
Zhao Yingzhuo,Anonymous,1,,
Zhanwen Chen,Anonymous,1,,
Zhangir Azerbayev,Anonymous,1,,
Zhang Jason,Anonymous,1,,
Zedong Peng,Anonymous,1,,
Ze'ev Klapow,Anonymous,1,,
shanshan wang,Anonymous,1,,
amirai21,Anonymous,1,,
ameyanjarlekar,Anonymous,1,,
amaleshvemula,Anonymous,1,,
almersawi,Anonymous,1,,
aladerran,Anonymous,1,,
akxxsb,Anonymous,1,,
akhoroshev,Anonymous,1,,
aiyiwang2025,Anonymous,1,,
aisensiy,Anonymous,1,,
ai-jz,Anonymous,1,,
adityagoel14,Anonymous,1,,
acisseJZhong,Anonymous,1,,
abhisheksheth28,Anonymous,1,,
a2q1p,Anonymous,1,,
a120092009,Anonymous,1,,
Zzz9990,Anonymous,1,,
Ying Zhong,Anonymous,1,,
Yiming,Anonymous,1,,
Yile (Michael) Gu,Anonymous,1,,
Yikang Shen,Anonymous,1,,
Yihua Cheng,Anonymous,1,,
Yiheng Xu,Anonymous,1,,
Yiheng Xu,Anonymous,1,,
Yifei Teng,Anonymous,1,,
Yichen Yan,Anonymous,1,,
Yibo Cai,Anonymous,1,,
YiSheng5,Anonymous,1,,
Yi Zhang,Anonymous,1,,
Yeshwanth N,Anonymous,1,,
Yeju Zhou,Anonymous,1,,
Ye Hu,Anonymous,1,,
Ye Cao,Anonymous,1,,
Ye (Charlotte) Qi,Anonymous,1,,
Zazzle516,Anonymous,1,,
Zaida Zhou,Anonymous,1,,
ZSL98,Anonymous,1,,
Yunmo Chen,Anonymous,1,,
Yunfei Chu,Anonymous,1,,
Yuhong Guo,Anonymous,1,,
Yuhong Guo,Anonymous,1,,
Yuge Zhang,Anonymous,1,,
Yue Zhang,Anonymous,1,,
Yuchen Yan,Anonymous,1,,
Yuanhao WU,Anonymous,1,,
"Yu-Hang ""Maxin"" Tang",Anonymous,1,,
York-RDWang,Anonymous,1,,
Yohan Na,Anonymous,1,,
Yizhou,Anonymous,1,,
Yingjun Mou,Anonymous,1,,
YingchaoX,Anonymous,1,,
Sebastian Schoennenbeck,Anonymous,1,,
Sean Gallen,Anonymous,1,,
Se7en,Anonymous,1,,
Sayandip Dutta,Anonymous,1,,
Sayak Paul,Anonymous,1,,
Saurabh Misra,Anonymous,1,,
Saurabh Dash,Anonymous,1,,
Sara-KS,Anonymous,1,,
Sanket Kale,Anonymous,1,,
Sanchit Gandhi,Anonymous,1,,
Samit,Anonymous,1,,
Sam/Samuel,Anonymous,1,,
Salvatore Cena,Anonymous,1,,
Saliya Ekanayake,Anonymous,1,,
Sairam Pillai,Anonymous,1,,
Said Taghadouini,Anonymous,1,,
Trevor Morris,Anonymous,1,,
Shuqiao Li,Anonymous,1,,
Shukant Pal,Anonymous,1,,
Shrey Gupta,Anonymous,1,,
Shoichi Uchinami,Anonymous,1,,
Shiyan Deng,Anonymous,1,,
Shivam Thakkar,Anonymous,1,,
Shiming Zhang,Anonymous,1,,
Shijun Yin,Anonymous,1,,
Sherry,Anonymous,1,,
Sherlock Xu,Anonymous,1,,
Sheng Yao,Anonymous,1,,
Shawn Tan,Anonymous,1,,
Shashwat Srijan,Anonymous,1,,
Shaoyu Yang,Anonymous,1,,
Seungduk Kim,Anonymous,1,,
Sergey Shlyapnikov,Anonymous,1,,
Robert Caulk,Anonymous,1,,
Rob Mulla,Anonymous,1,,
RoadToNowhereX,Anonymous,1,,
RishiAstra,Anonymous,1,,
Rick Yuan,Anonymous,1,,
RichardoMu,Anonymous,1,,
Richard Liaw,Anonymous,1,,
Remy,Anonymous,1,,
Reinforce-II,Anonymous,1,,
Reima Karhila (AMD),Anonymous,1,,
Raushan Turganbay,Anonymous,1,,
Rasmus Larsen,Anonymous,1,,
Randy Chen,Anonymous,1,,
Random Fly,Anonymous,1,,
Ramon Ziai,Anonymous,1,,
Rakesh Asapanna,Anonymous,1,,
Rajveer Bachkaniwala,Anonymous,1,,
Saheli Bhattacharjee,Anonymous,1,,
Sage Moore,Anonymous,1,,
Sage,Anonymous,1,,
Sachin Varghese,Anonymous,1,,
Ryan Nguyen,Anonymous,1,,
Ryan McConville,Anonymous,1,,
Ryan Li,Anonymous,1,,
Ruoyu Qin,Anonymous,1,,
RunningLeon,Anonymous,1,,
Ruixiang Tan,Anonymous,1,,
Ruixiang Tan,Anonymous,1,,
Ruheena Suhani Shaik,Anonymous,1,,
Ronan McGovern,Anonymous,1,,
Rohan Potdar,Anonymous,1,,
Robert Shaw,Anonymous,1,,
Robert Irvine,Anonymous,1,,
Robert Cohn,Anonymous,1,,
Travis Johnson,Anonymous,1,,
Tran Quang Dai,Anonymous,1,,
Toshiki Kataoka,Anonymous,1,,
Tomasz Zielinski,Anonymous,1,,
Tobias Pitters,Anonymous,1,,
TianyuLi0,Anonymous,1,,
Tianer Zhou,Anonymous,1,,
Tialo,Anonymous,1,,
Thomas J. Fan,Anonymous,1,,
Thibault Schueller,Anonymous,1,,
Thiago Salvatore,Anonymous,1,,
TherLF,Anonymous,1,,
Terrence Zhao,Anonymous,1,,
TechxGenus,Anonymous,1,,
Tarun Kumar,Anonymous,1,,
TaoYu Chen,Anonymous,1,,
Vladislav Bronzov,Anonymous,1,,
Vlad Tiberiu Mihailescu,Anonymous,1,,
Vincent,Anonymous,1,,
Victor Ziliang Peng,Anonymous,1,,
Vico Chu,Anonymous,1,,
Vicente Herrera,Anonymous,1,,
Vasiliy Alekseev,Anonymous,1,,
Varun Vinayak Shenoy,Anonymous,1,,
Varun Vinayak Shenoy,Anonymous,1,,
Vaibhav Jain,Anonymous,1,,
Vadim Markovtsev,Anonymous,1,,
Utkarsh Sharma,Anonymous,1,,
Usama Ahmed,Anonymous,1,,
Umesh,Anonymous,1,,
Tyler Titsworth,Anonymous,1,,
Tyler Rockwood,Anonymous,1,,
Trevor Royer,Anonymous,1,,
SorenDreano,Anonymous,1,,
Sophie du Couédic,Anonymous,1,,
Sophie du Couédic,Anonymous,1,,
Sooraj S,Anonymous,1,,
SnowDist,Anonymous,1,,
SnowCharm,Anonymous,1,,
SnowCharm,Anonymous,1,,
Snehlata,Anonymous,1,,
Snehlata,Anonymous,1,,
Siyuan Li,Anonymous,1,,
Sirej Dua,Anonymous,1,,
Siqi Yan,Anonymous,1,,
Sin,Anonymous,1,,
Simon,Anonymous,1,,
Silencio,Anonymous,1,,
Sijia(Jackson) Chen,Anonymous,1,,
Sibi,Anonymous,1,,
Tao Peng,Anonymous,1,,
Tanmay Verma,Anonymous,1,,
TankNee,Anonymous,1,,
Taneem Ibrahim,Anonymous,1,,
Taemin Lee,Anonymous,1,,
TaehyunKim,Anonymous,1,,
Syed Muhammad Bin Asif,Anonymous,1,,
Sven Seeberg,Anonymous,1,,
Suraj Deshmukh,Anonymous,1,,
Sumit Vij,Anonymous,1,,
Sumanth R Hegde,Anonymous,1,,
Sugar-zsg,Anonymous,1,,
Sugar,Anonymous,1,,
Steve Luo,Anonymous,1,,
Stephanie Wang,Anonymous,1,,
StanHatko,Anonymous,1,,
Srikanth Srinivas,Anonymous,1,,
sergey-tinkoff,Anonymous,1,,
saumya-saran,Anonymous,1,,
sangjune.park,Anonymous,1,,
sangbumlikeagod,Anonymous,1,,
sakunkun,Anonymous,1,,
sadegh.shokatian,Anonymous,1,,
runzhen,Anonymous,1,,
rongfu.leng,Anonymous,1,,
roikoren755,Anonymous,1,,
rohithkrn,Anonymous,1,,
rivos-shreeasish,Anonymous,1,,
rishitdholakia13,Anonymous,1,,
redmoe-moutain,Anonymous,1,,
rebel-hongseok,Anonymous,1,,
raywanb,Anonymous,1,,
rainkert,Anonymous,1,,
zzh142857,Anonymous,1,,
ttbachyinsda,Anonymous,1,,
tracelogfb,Anonymous,1,,
tou,Anonymous,1,,
tlipoca9,Anonymous,1,,
tingtinggithub,Anonymous,1,,
sunyicode0012,Anonymous,1,,
strinczer,Anonymous,1,,
sohamparikh,Anonymous,1,,
shunxing12345,Anonymous,1,,
shunxing1234,Anonymous,1,,
shiyi.c_98,Anonymous,1,,
shiyi.c_98,Anonymous,1,,
shivampr,Anonymous,1,,
shineran96,Anonymous,1,,
shengshiqi-google,Anonymous,1,,
shaochangxu,Anonymous,1,,
omahs,Anonymous,1,,
noiji,Anonymous,1,,
nishith-fujitsu,Anonymous,1,,
ning.zhang,Anonymous,1,,
nguyenhoangthuan99,Anonymous,1,,
ngrozae,Anonymous,1,,
nathan,Anonymous,1,,
nadavkluger,Anonymous,1,,
nadathurv,Anonymous,1,,
myselvess,Anonymous,1,,
muzian666,Anonymous,1,,
mohankku,Anonymous,1,,
mofanke,Anonymous,1,,
mobicham,Anonymous,1,,
minmin,Anonymous,1,,
mgazz,Anonymous,1,,
eigenLiu,Anonymous,1,,
r.4ntix,Anonymous,1,,
qux-bbb,Anonymous,1,,
qizixi,Anonymous,1,,
qizixi,Anonymous,1,,
pyc96,Anonymous,1,,
py-andy-c,Anonymous,1,,
pushan,Anonymous,1,,
ptarasiewiczNV,Anonymous,1,,
pramenku,Anonymous,1,,
ponix-j,Anonymous,1,,
phantomlei,Anonymous,1,,
pengyuange,Anonymous,1,,
paolovic,Anonymous,1,,
pansicheng,Anonymous,1,,
panda,Anonymous,1,,
orellavie1212,Anonymous,1,,
orangeng,Anonymous,1,,
zyddnys,Anonymous,1,,
zxfan-cpu,Anonymous,1,,
zsolt-borbely-htec,Anonymous,1,,
zichongli5,Anonymous,1,,
zhangjf,Anonymous,1,,
zhang-prog,Anonymous,1,,
zeppombal,Anonymous,1,,
zejunchen-zejun,Anonymous,1,,
yyweiss,Anonymous,1,,
yury-tokpanov,Anonymous,1,,
yurhett,Anonymous,1,,
yulei,Anonymous,1,,
yueshen2016,Anonymous,1,,
yudian0504,Anonymous,1,,
yuafng,Anonymous,1,,
yt0428,Anonymous,1,,
김종곤,Anonymous,1,,
길재은,Anonymous,1,,
阿丹(adan),Anonymous,1,,
胡译文,Anonymous,1,,
罗泽轩,Anonymous,1,,
盏一,Anonymous,1,,
王博伟,Anonymous,1,,
杨奇(yann qi),Anonymous,1,,
张宇,Anonymous,1,,
张大成,Anonymous,1,,
少年,Anonymous,1,,
周周周,Anonymous,1,,
凌,Anonymous,1,,
代君,Anonymous,1,,
Łukasz Durejko,Anonymous,1,,
Łukasz Durejko,Anonymous,1,,
zzhxxx,Anonymous,1,,
wuhang,Anonymous,1,,
wonjun Jang,Anonymous,1,,
wnma,Anonymous,1,,
wineandchord,Anonymous,1,,
wenyujin333,Anonymous,1,,
wenyujin333,Anonymous,1,,
wenjun93,Anonymous,1,,
weiliang,Anonymous,1,,
wchen61,Anonymous,1,,
wbn,Anonymous,1,,
wangxiyuan,Anonymous,1,,
wangcx18,Anonymous,1,,
vlsav,Anonymous,1,,
viravera,Anonymous,1,,
vie-serendipity,Anonymous,1,,
tvirolai-amd,Anonymous,1,,
tvalentyn,Anonymous,1,,
youngrok cha,Anonymous,1,,
yiz-liu,Anonymous,1,,
yhu422,Anonymous,1,,
yhlskt23,Anonymous,1,,
yasu52,Anonymous,1,,
yanxiyue,Anonymous,1,,
yannicks1,Anonymous,1,,
yankooo,Anonymous,1,,
yangzhibin,Anonymous,1,,
yancong,Anonymous,1,,
xzbdmw,Anonymous,1,,
xuyi,Anonymous,1,,
xinli-centml,Anonymous,1,,
xiaoji,Anonymous,1,,
xiaobochen123,Anonymous,1,,
xaguilar-amd,Anonymous,1,,
wxsm,Anonymous,1,,
eigen,Anonymous,1,,
egortolmachev,Anonymous,1,,
dylan,Anonymous,1,,
dubejf,Anonymous,1,,
dpxa,Anonymous,1,,
double7,Anonymous,1,,
dongmao zhang,Anonymous,1,,
dolpm,Anonymous,1,,
dhuangnm,Anonymous,1,,
deven-labovitch,Anonymous,1,,
daquexian,Anonymous,1,,
damon,Anonymous,1,,
dakotamahan-stability,Anonymous,1,,
cronoik-inceptionai,Anonymous,1,,
coolcloudcol,Anonymous,1,,
cnorman,Anonymous,1,,
lirong,Anonymous,1,,
heeju-kim2,Anonymous,1,,
hax0r31337,Anonymous,1,,
h-avsha,Anonymous,1,,
gujing,Anonymous,1,,
gottlike,Anonymous,1,,
gopalsarda,Anonymous,1,,
gjgjos,Anonymous,1,,
functionxu123,Anonymous,1,,
frankie,Anonymous,1,,
forpanyang,Anonymous,1,,
firebook,Anonymous,1,,
fenghuizhang,Anonymous,1,,
fangpings,Anonymous,1,,
fade_away,Anonymous,1,,
elijah,Anonymous,1,,
ekuznetsov139,Anonymous,1,,
blueceiling,Anonymous,1,,
bk-TurbaAI,Anonymous,1,,
bjmsong,Anonymous,1,,
bingps,Anonymous,1,,
billishyahao,Anonymous,1,,
bigshanedogg,Anonymous,1,,
baxingpiaochong,Anonymous,1,,
aws-patlange,Anonymous,1,,
avideci,Anonymous,1,,
artetaout,Anonymous,1,,
arkohut,Anonymous,1,,
arakowsk-amd,Anonymous,1,,
antrec,Anonymous,1,,
anthonsu,Anonymous,1,,
aniaan,Anonymous,1,,
amit,Anonymous,1,,
amit,Anonymous,1,,
cndoit18,Anonymous,1,,
cloudhan,Anonymous,1,,
cloud11665,Anonymous,1,,
chunxiaozheng,Anonymous,1,,
chun,Anonymous,1,,
chooper1,Anonymous,1,,
chenxiaobing,Anonymous,1,,
chenlang,Anonymous,1,,
changjun.lee,Anonymous,1,,
cduk,Anonymous,1,,
casinca,Anonymous,1,,
cascade,Anonymous,1,,
bwshen-mi,Anonymous,1,,
bppps,Anonymous,1,,
boydfd,Anonymous,1,,
bogdanm,Anonymous,1,,
bofeng huang,Anonymous,1,,
limingshu,Anonymous,1,,
liiliiliil,Anonymous,1,,
lianyibo,Anonymous,1,,
liangwen12year,Anonymous,1,,
liangel-02,Anonymous,1,,
li-jinpeng,Anonymous,1,,
li haoyang,Anonymous,1,,
li haoyang,Anonymous,1,,
lewtun,Anonymous,1,,
leopardracer,Anonymous,1,,
leoneo,Anonymous,1,,
leo-pony,Anonymous,1,,
leegohi04517,Anonymous,1,,
learner0810,Anonymous,1,,
laneeee,Anonymous,1,,
lacora,Anonymous,1,,
mgazz,Anonymous,1,,
mezuzza,Anonymous,1,,
metacryptom,Anonymous,1,,
mcalman,Anonymous,1,,
maximzubkov,Anonymous,1,,
maor-ps,Anonymous,1,,
maobaolong,Anonymous,1,,
manikandan.tm@zucisystems.com,Anonymous,1,,
majianpeng,Anonymous,1,,
madt2709,Anonymous,1,,
lsz05,Anonymous,1,,
lplcor,Anonymous,1,,
lots-o,Anonymous,1,,
look,Anonymous,1,,
llmpros,Anonymous,1,,
liusiqian-tal,Anonymous,1,,
lirui,Anonymous,1,,
jerryzhuang,Anonymous,1,,
jeongin601,Anonymous,1,,
jacobthebanana,Anonymous,1,,
jack,Anonymous,1,,
ismael-dm,Anonymous,1,,
isharif168,Anonymous,1,,
iongpt,Anonymous,1,,
intervitens,Anonymous,1,,
ifsheldon,Anonymous,1,,
idouba,Anonymous,1,,
iLeGend,Anonymous,1,,
hxer7963,Anonymous,1,,
huafeng,Anonymous,1,,
hoshi-hiyouga,Anonymous,1,,
homeffjy,Anonymous,1,,
hj-wei,Anonymous,1,,
hijkzzz,Anonymous,1,,
kyt,Anonymous,1,,
kota-iizuka,Anonymous,1,,
kimbochen,Anonymous,1,,
kg6-sleipnir,Anonymous,1,,
kewang-xlnx,Anonymous,1,,
kczimm,Anonymous,1,,
kakao-kevin-us,Anonymous,1,,
jvmncs,Anonymous,1,,
juncheoll,Anonymous,1,,
jordanyono,Anonymous,1,,
jiqing-feng,Anonymous,1,,
jinqinn,Anonymous,1,,
jinghanhu,Anonymous,1,,
jianzheng,Anonymous,1,,
jianyizh,Anonymous,1,,
jiangjiadi,Anonymous,1,,
jglaser,Anonymous,1,,
Dipika Sikka,Anonymous,1,,
Diego Marinho,Anonymous,1,,
Di Liu,Anonymous,1,,
Dhruvil Bhatt,Anonymous,1,,
Deboleina,Anonymous,1,,
DearPlanet,Anonymous,1,,
Dean Leitersdorf,Anonymous,1,,
Dayeol Lee,Anonymous,1,,
Daya Khudia,Anonymous,1,,
David-Wen,Anonymous,1,,
David Whyte-Gray,Anonymous,1,,
David Newman,Anonymous,1,,
David Heineman,Anonymous,1,,
Danny Guinther,Anonymous,1,,
Danilo Peixoto,Anonymous,1,,
Daniil Arapov,Anonymous,1,,
Danielle Robinson,Anonymous,1,,
George Nagy II,Anonymous,1,,
Eli Boyarski,Anonymous,1,,
Eldar Kurtić,Anonymous,1,,
Elad Segal,Anonymous,1,,
Egor,Anonymous,1,,
EduardDurech,Anonymous,1,,
Edouard B.,Anonymous,1,,
Ecthlion_zyy,Anonymous,1,,
Earthwalker,Anonymous,1,,
Duyi-Wang,Anonymous,1,,
Duc-Viet Hoang,Anonymous,1,,
DriverSong,Anonymous,1,,
Doug Smith,Anonymous,1,,
Dong-Yong Lee,Anonymous,1,,
Dominik Schwabe,Anonymous,1,,
Domen Vreš,Anonymous,1,,
Dmitry Rogozhkin,Anonymous,1,,
Christian Rohmann,Anonymous,1,,
Christian Pinto,Anonymous,1,,
Christian Berge,Anonymous,1,,
Chris Thi,Anonymous,1,,
Chris Bamford,Anonymous,1,,
Chris,Anonymous,1,,
Chongming Ni,Anonymous,1,,
Chiyue Wei,Anonymous,1,,
Chip Kerchner,Anonymous,1,,
Cherilyn Buren,Anonymous,1,,
Chenhui Zhang,Anonymous,1,,
Chengyang LIU,Anonymous,1,,
Chenghao (Alan) Yang,Anonymous,1,,
Chenggang Wu,Anonymous,1,,
Cheng Su,Anonymous,1,,
Chen1022,Anonymous,1,,
Andreas Hartel,Anonymous,1,,
Daniele,Anonymous,1,,
Daniel song,Anonymous,1,,
Daniel E Marasco,Anonymous,1,,
Daniel,Anonymous,1,,
DaividFrank,Anonymous,1,,
Daifeng Li,Anonymous,1,,
DAIZHENWEI,Anonymous,1,,
Cyrus Leung,Anonymous,1,,
Csrayz,Anonymous,1,,
Crefeda Rodrigues,Anonymous,1,,
Copilot,Anonymous,1,,
Concurrensee,Anonymous,1,,
Code Jesus,Anonymous,1,,
Clouddude,Anonymous,1,,
Clayton,Anonymous,1,,
Chunyang Wen,Anonymous,1,,
Christian Sears,Anonymous,1,,
George,Anonymous,1,,
Gene Der Su,Anonymous,1,,
GeauxEric,Anonymous,1,,
Gary Hui,Anonymous,1,,
Ganesh Jagadeesan,Anonymous,1,,
Gamhang,Anonymous,1,,
FuryMartin,Anonymous,1,,
Frost Mitchell,Anonymous,1,,
Frieda Huang,Anonymous,1,,
Francesco Bertolotti,Anonymous,1,,
Fluder-Paradyne,Anonymous,1,,
Florian Zimmermeister,Anonymous,1,,
Florian Greinacher,Anonymous,1,,
Fish,Anonymous,1,,
Fengzhe Zhou,Anonymous,1,,
FengjinChen,Anonymous,1,,
Maureen McElaney,Anonymous,1,,
HUIJONG JEONG,Anonymous,1,,
HUANG Fei,Anonymous,1,,
HDCharles,Anonymous,1,,
Guy Stone,Anonymous,1,,
Guspan Tanadi,Anonymous,1,,
Gurpreet Singh Dhami,Anonymous,1,,
Grant Pinkert,Anonymous,1,,
Grant Holmes (Ren),Anonymous,1,,
Gong Shufan,Anonymous,1,,
GoHomeToMacDonal,Anonymous,1,,
GiantCroc,Anonymous,1,,
GhaziSyed,Anonymous,1,,
Gh0u1L5,Anonymous,1,,
"Geun, Lim",Anonymous,1,,
Gerard Finol,Anonymous,1,,
Gerald,Anonymous,1,,
Eugene Cheah,Anonymous,1,,
Ethan Xu,Anonymous,1,,
Ernest Wong,Anonymous,1,,
ErkinSagiroglu,Anonymous,1,,
Eric Yue,Anonymous,1,,
Eric Xihui Lin,Anonymous,1,,
Eric Tang,Anonymous,1,,
Eric Hartford,Anonymous,1,,
Eric Curtin,Anonymous,1,,
Erfan Al-Hossami,Anonymous,1,,
ErezSC42,Anonymous,1,,
Enrique Shockwave,Anonymous,1,,
En Ouyang,Anonymous,1,,
Elsa Granger,Anonymous,1,,
Elisei Smirnov,Anonymous,1,,
Elinx,Anonymous,1,,
Elieser Pereira,Anonymous,1,,
Feng XiaoLong,Anonymous,1,,
Fei,Anonymous,1,,
Federico Galatolo,Anonymous,1,,
Federico Cassano,Anonymous,1,,
Federico,Anonymous,1,,
Fazlul Shahriar,Anonymous,1,,
Farzad Abdolhosseini,Anonymous,1,,
Fanli Lin,Anonymous,1,,
Fang li,Anonymous,1,,
Fang Han,Anonymous,1,,
Fan Yin,Anonymous,1,,
Falko1,Anonymous,1,,
Fabien Dupont,Anonymous,1,,
Eyshika Agarwal,Anonymous,1,,
Ewout ter Hoeven,Anonymous,1,,
Evan Z. Liu,Anonymous,1,,
Eugene Khvedchenya,Anonymous,1,,
Andre Slavescu,Anonymous,1,,
Anand Roy,Anonymous,1,,
Amit Garg,Anonymous,1,,
Amir Samani,Anonymous,1,,
AmadeusChan,Anonymous,1,,
Always-Naive,Anonymous,1,,
AlpinDale,Anonymous,1,,
Alpay Ariyak,Anonymous,1,,
AlonKejzman,Anonymous,1,,
Allen Wang,Anonymous,1,,
Allen,Anonymous,1,,
Alexey Kiryushin,Anonymous,1,,
Alexey Belyakov,Anonymous,1,,
Alexandre Payot,Anonymous,1,,
Alexandre JUAN,Anonymous,1,,
AlexZhao,Anonymous,1,,
Brian Li,Anonymous,1,,
Anion,Anonymous,1,,
Animesh Jain,Anonymous,1,,
Angus Wang,Anonymous,1,,
Angky William,Anonymous,1,,
Angela Yi,Anonymous,1,,
Andy Chen,Anonymous,1,,
Andy,Anonymous,1,,
André Jonasson,Anonymous,1,,
Andrzej Kotłowski,Anonymous,1,,
Andrew Xia,Anonymous,1,,
Andrew Xia,Anonymous,1,,
Andrew Wang,Anonymous,1,,
Andrew Song,Anonymous,1,,
Andrew Sansom,Anonymous,1,,
Andrew Nesbitt,Anonymous,1,,
Andrew Chan,Anonymous,1,,
Adolfo Victoria,Anonymous,1,,
Aditya Tewari,Anonymous,1,,
Aditya Paliwal,Anonymous,1,,
Adit Chawdhary,Anonymous,1,,
Adeline,Anonymous,1,,
Adam Lugowski,Anonymous,1,,
Adam Boeglin,Anonymous,1,,
Accelerator1996,Anonymous,1,,
Abraham-Xu,Anonymous,1,,
Abhinav Goyal,Anonymous,1,,
Aaron Pham,Anonymous,1,,
Aarni Koskela,Anonymous,1,,
A-Mahla,Anonymous,1,,
947132885,Anonymous,1,,
7mile,Anonymous,1,,
44670,Anonymous,1,,
0xNullPath,Anonymous,1,,
Alex Wu,Anonymous,1,,
Alex Wu,Anonymous,1,,
Alex,Anonymous,1,,
Alessandro Sangiorgi,Anonymous,1,,
Aleksei Tsvetkov,Anonymous,1,,
Aleksandr Samarin,Anonymous,1,,
Alec,Anonymous,1,,
Alberto Ferrer,Anonymous,1,,
Albert,Anonymous,1,,
Al-Ekram Elahee Hridoy,Anonymous,1,,
Akshat Tripathi,Anonymous,1,,
Aidyn-A,Anonymous,1,,
Ahmad Fahadh Ilyas,Anonymous,1,,
AguirreNicolas,Anonymous,1,,
Adrián García García,Anonymous,1,,
Adrian Cole,Anonymous,1,,
Adrian Abeyta,Anonymous,1,,
Brian Dellabetta,Anonymous,1,,
Brent Salisbury,Anonymous,1,,
Braulio Dumba,Anonymous,1,,
Bram,Anonymous,1,,
Bradley D,Anonymous,1,,
Brad Hilton,Anonymous,1,,
Boyuan Feng,Anonymous,1,,
Bo-Wen Wang,Anonymous,1,,
Blueyo0,Anonymous,1,,
Bla_ckB,Anonymous,1,,
Biswa Panda,Anonymous,1,,
Billy Cao,Anonymous,1,,
Besher Alkurdi,Anonymous,1,,
Benjamin Muskalla,Anonymous,1,,
Benjamin Kitor,Anonymous,1,,
Benjamin Kitor,Anonymous,1,,
Chen LI,Anonymous,1,,
Chen Ding,Anonymous,1,,
Chen Bruce,Anonymous,1,,
Charles Riggins,Anonymous,1,,
Charles Frye,Anonymous,1,,
Charent,Anonymous,1,,
Chaofan Lin,Anonymous,1,,
Chao Lei,Anonymous,1,,
Chansung Park,Anonymous,1,,
Chang Su,Anonymous,1,,
Chales Xu,Anonymous,1,,
Ce Gao,Anonymous,1,,
Calvinn Ng,Anonymous,1,,
COSMOPlat,Anonymous,1,,
CHU Tianxiang,Anonymous,1,,
Burkhard Ringlein,Anonymous,1,,
Bruce Fontaine,Anonymous,1,,
Aviad Rossmann,Anonymous,1,,
Atlas,Anonymous,1,,
Atilla Akkuş,Anonymous,1,,
Atilla,Anonymous,1,,
Ashwin Phadke,Anonymous,1,,
Ashwin Phadke,Anonymous,1,,
Asher,Anonymous,1,,
Arthur Kim,Anonymous,1,,
Arthur,Anonymous,1,,
Arjun Reddy,Anonymous,1,,
Arjun Kathuria,Anonymous,1,,
Archit Patke,Anonymous,1,,
AnyISalIn,Anonymous,1,,
Antonio Gómez,Anonymous,1,,
Anton Vlasjuk,Anonymous,1,,
Anton,Anonymous,1,,
Anthony Platanios,Anonymous,1,,
Ben Jackson,Anonymous,1,,
Ben Browning,Anonymous,1,,
Ben,Anonymous,1,,
Bellk17,Anonymous,1,,
Bella kira,Anonymous,1,,
Beim,Anonymous,1,,
Bayang,Anonymous,1,,
BasicCoder,Anonymous,1,,
Barry Kang,Anonymous,1,,
Baoyuan Qi,Anonymous,1,,
Bangsheng Tang,Anonymous,1,,
Ayush Rautwar,Anonymous,1,,
Aydin Abiar,Anonymous,1,,
Avshalom Manevich,Anonymous,1,,
Aviv Keshet,Anonymous,1,,
Aviv Keshet,Anonymous,1,,
Avinash Raj,Anonymous,1,,
Matúš Námešný,Anonymous,1,,
Matvei Pashkovskii,Anonymous,1,,
Matthias Vogler,Anonymous,1,,
Matthias Matt,Anonymous,1,,
Matthias Gerstgrasser,Anonymous,1,,
Matthew Vine,Anonymous,1,,
Matthew Hendrey,Anonymous,1,,
Matthew Goldey,Anonymous,1,,
Matt Ritter,Anonymous,1,,
Mathis Felardos,Anonymous,1,,
Mathieu Borderé,Anonymous,1,,
Marut Pandya,Anonymous,1,,
Martin Hickey,Anonymous,1,,
Martin Gleize,Anonymous,1,,
Maroon Ayoub,Anonymous,1,,
Mark Mozolewski,Anonymous,1,,
Pierre Dulac,Anonymous,1,,
Mohit Deopujari,Anonymous,1,,
Misha Efimov,Anonymous,1,,
Minkyu Kim,Anonymous,1,,
MingzhenHan,Anonymous,1,,
Mingcan Xiang,Anonymous,1,,
Milos Puzovic,Anonymous,1,,
Miles Williams,Anonymous,1,,
Mike Depinet,Anonymous,1,,
Mickaël Seznec,Anonymous,1,,
Michele Catalano,Anonymous,1,,
Michard Hugo,Anonymous,1,,
Michal Adamczyk,Anonymous,1,,
Michael McCulloch,Anonymous,1,,
Michael Greenbaum,Anonymous,1,,
Maybewuss,Anonymous,1,,
Maxime Fournioux,Anonymous,1,,
Lu Wang,Anonymous,1,,
Lize Cai,Anonymous,1,,
Liuchenlong,Anonymous,1,,
Lim Xiang Yang,Anonymous,1,,
LikeSundayLikeRain,Anonymous,1,,
Light Lin,Anonymous,1,,
Lianmin Zheng,Anonymous,1,,
Liangliang Ma,Anonymous,1,,
Liangfu Chen,Anonymous,1,,
Liang,Anonymous,1,,
Letian Li,Anonymous,1,,
Lennart K. M. Schulz,Anonymous,1,,
Lei Yang,Anonymous,1,,
Lei Wang,Anonymous,1,,
Lehua Ding,Anonymous,1,,
Lee Nau,Anonymous,1,,
Jason T. Greene,Anonymous,1,,
Marco,Anonymous,1,,
Marc-Alexandre Côté,Anonymous,1,,
Manoel Marques,Anonymous,1,,
Manjul Mohan,Anonymous,1,,
Manish Sethi,Anonymous,1,,
Mandy Li,Anonymous,1,,
Mahmoud Ashraf,Anonymous,1,,
Mac Misiura,Anonymous,1,,
Lyu Han,Anonymous,1,,
Lunwen He,Anonymous,1,,
Lumina,Anonymous,1,,
LukasBluebaum,Anonymous,1,,
Lukas Kreussel,Anonymous,1,,
Lukas,Anonymous,1,,
Luis Tomas Bolivar,Anonymous,1,,
Lucas Kabela,Anonymous,1,,
Luca Soldaini,Anonymous,1,,
Philipp Schmid,Anonymous,1,,
Philip Chung,Anonymous,1,,
Peter Salas,Anonymous,1,,
Peter Götz,Anonymous,1,,
Pete Savage,Anonymous,1,,
Pernekhan Utemuratov,Anonymous,1,,
Pengchao Wang,Anonymous,1,,
Peng Li,Anonymous,1,,
Pei-Lun Liao,Anonymous,1,,
Paul Zhang,Anonymous,1,,
Paul Zhang,Anonymous,1,,
Paul Schweigert,Anonymous,1,,
Patrick C. Toulme,Anonymous,1,,
Pate Motter,Anonymous,1,,
Param,Anonymous,1,,
PapaGoose,Anonymous,1,,
Rafael Marcelino Koike,Anonymous,1,,
Rachel Guo,Anonymous,1,,
Rabin Adhikari,Anonymous,1,,
RUTHLESS-BOT,Anonymous,1,,
RED,Anonymous,1,,
Quentin,Anonymous,1,,
Qubitium,Anonymous,1,,
Quang-Linh LE,Anonymous,1,,
Qiu,Anonymous,1,,
Qiong Zhou Huang,Anonymous,1,,
QQSong,Anonymous,1,,
Punitvara,Anonymous,1,,
Prashant Gupta,Anonymous,1,,
Pradeep Dasigi,Anonymous,1,,
Povilas Kanapickas,Anonymous,1,,
Pooya Davoodi,Anonymous,1,,
Pierre Stock,Anonymous,1,,
Nick Perez,Anonymous,1,,
Nichols A. Romero,Anonymous,1,,
Nelson Liu,Anonymous,1,,
NekoMimiUnagi,Anonymous,1,,
Navya Srivastava,Anonymous,1,,
Naveenraj Kamalakannan,Anonymous,1,,
Navanit Dubey,Anonymous,1,,
Nathan Scott,Anonymous,1,,
Nathan Hoos,Anonymous,1,,
Nathan Azrak,Anonymous,1,,
Nan Qin,Anonymous,1,,
Naitong Yu,Anonymous,1,,
NaLan ZeYu,Anonymous,1,,
Mustafa Eyceoz,Anonymous,1,,
Mrm,Anonymous,1,,
Moritz Sanft,Anonymous,1,,
MoonRide303,Anonymous,1,,
PHILO-HE,Anonymous,1,,
Or Sharir,Anonymous,1,,
Or Ozeri,Anonymous,1,,
Norman Mu,Anonymous,1,,
Noah Yoshida,Anonymous,1,,
Nishan Acharya,Anonymous,1,,
Nir David,Anonymous,1,,
Nir,Anonymous,1,,
Nikolai Shcheglov,Anonymous,1,,
Niklas Muennighoff,Anonymous,1,,
Nikita Furin,Anonymous,1,,
Nikhil Suryawanshi,Anonymous,1,,
Nikhil G,Anonymous,1,,
Nicole LiHui 🥜,Anonymous,1,,
Nicole LiHui 🥜,Anonymous,1,,
Nicolas Frenay,Anonymous,1,,
Nicolas Basile,Anonymous,1,,
Jason Gu,Anonymous,1,,
Jason Cox,Anonymous,1,,
Jason,Anonymous,1,,
Jason (Siyu) Zhu,Anonymous,1,,
Jasmond L,Anonymous,1,,
Jasmond L,Anonymous,1,,
Jared Roesch,Anonymous,1,,
Jared O'Connell,Anonymous,1,,
Jared Moore,Anonymous,1,,
Jan Kessler,Anonymous,1,,
Jan Kaniecki,Anonymous,1,,
James Wu,Anonymous,1,,
James Whedbee,Anonymous,1,,
James Fleming,Anonymous,1,,
Jakub Sochacki,Anonymous,1,,
Jakub Smid,Anonymous,1,,
Kinfey,Anonymous,1,,
Jie Fu (傅杰),Anonymous,1,,
Jiaxiang,Anonymous,1,,
Jianyu Huang,Anonymous,1,,
Jialun Lyu,Anonymous,1,,
JialinOuyang-Meta,Anonymous,1,,
Jiaju Zhang,Anonymous,1,,
Jiahao Li,Anonymous,1,,
Jia Guoqing,Anonymous,1,,
JiHuazhong,Anonymous,1,,
Jewon Lee,Anonymous,1,,
Jerry Yang,Anonymous,1,,
Jerry,Anonymous,1,,
Jeremy Reizenstein,Anonymous,1,,
Jennifer He,Anonymous,1,,
Jeffrey Li,Anonymous,1,,
Jeff Fialho,Anonymous,1,,
Hust_YangXian,Anonymous,1,,
Huarong,Anonymous,1,,
Hu Dong,Anonymous,1,,
Hossein Sarshar,Anonymous,1,,
HoangCongDuc,Anonymous,1,,
Hiroaki Sugiyama,Anonymous,1,,
Henry Tsang,Anonymous,1,,
Hardik Gupta,Anonymous,1,,
Happy,Anonymous,1,,
Haoyu Wang,Anonymous,1,,
Hao Zhang,Anonymous,1,,
Hanjie Qiu,Anonymous,1,,
HandH1998,Anonymous,1,,
Han Zhang,Anonymous,1,,
Haisheng Chen,Anonymous,1,,
Haco,Anonymous,1,,
HWH,Anonymous,1,,
Jaehyun An,Anonymous,1,,
Jacob Zhong,Anonymous,1,,
Jacob Schein,Anonymous,1,,
Jacob Manning,Anonymous,1,,
Jacob Kahn,Anonymous,1,,
Jackmin801,Anonymous,1,,
Jack Gordley,Anonymous,1,,
JaceyShao,Anonymous,1,,
JGSweets,Anonymous,1,,
JFDuan,Anonymous,1,,
Işık,Anonymous,1,,
Irina Yuryeva,Anonymous,1,,
Insu Kim,Anonymous,1,,
InChang Jeong,Anonymous,1,,
Ilya Lavrenov,Anonymous,1,,
Iceber Gu,Anonymous,1,,
Iacopo Poli,Anonymous,1,,
Keyang Ru,Anonymous,1,,
Kevinzz,Anonymous,1,,
Kevin_Xiong,Anonymous,1,,
Kenichi Maehashi,Anonymous,1,,
Keming,Anonymous,1,,
Ke Zhao,Anonymous,1,,
Kdump,Anonymous,1,,
KazusatoOoko,Anonymous,1,,
Kaunil Dhruv,Anonymous,1,,
Kathy Yu,Anonymous,1,,
Katarzyna Papis,Anonymous,1,,
Kartik Ramesh,Anonymous,1,,
Kameshwara Pavan Kumar Mantha,Anonymous,1,,
Kaiyang Chen,Anonymous,1,,
Kai Wu,Anonymous,1,,
Kai Wu,Anonymous,1,,
Le Chen,Anonymous,1,,
LastWhisper,Anonymous,1,,
Lancer,Anonymous,1,,
Lalit Pradhan,Anonymous,1,,
Lain,Anonymous,1,,
Lain,Anonymous,1,,
LJH-LBJ,Anonymous,1,,
LIYIFAN_liyifan,Anonymous,1,,
LI MOU,Anonymous,1,,
LF Marques,Anonymous,1,,
Kyungmin Lee,Anonymous,1,,
Kyujin Cho,Anonymous,1,,
Kunjan,Anonymous,1,,
Kunjan,Anonymous,1,,
Kseniya Parkhamchuk,Anonymous,1,,
Krishna Mandal,Anonymous,1,,
Kiran R,Anonymous,1,,
Jon Gill,Anonymous,1,,
Johnny,Anonymous,1,,
JohnSaxon,Anonymous,1,,
John Zheng,Anonymous,1,,
John Giorgi,Anonymous,1,,
Joel,Anonymous,1,,
Joe Rowell,Anonymous,1,,
Joachim Studnia,Anonymous,1,,
Jitse Klomp,Anonymous,1,,
Jitse Klomp,Anonymous,1,,
Jishnu Ray Chowdhury,Anonymous,1,,
Jintao,Anonymous,1,,
Jinheng,Anonymous,1,,
Jingkai He,Anonymous,1,,
Jin Shang,Anonymous,1,,
Jin Huang,Anonymous,1,,
Jie Li,Anonymous,1,,
Kacper Pietkun,Anonymous,1,,
KKY,Anonymous,1,,
Justin Ho,Anonymous,1,,
Junpu Fan,Anonymous,1,,
Junlin Zhou,Anonymous,1,,
Junichi Sato,Anonymous,1,,
Junhao Li,Anonymous,1,,
Juncheng Gu,Anonymous,1,,
Jun Jiang,Anonymous,1,,
Jun Gao,Anonymous,1,,
Julien Debache,Anonymous,1,,
Juechen Liu,Anonymous,1,,
Jovan Sardinha,Anonymous,1,,
Joshua Rosenkranz,Anonymous,1,,
Joonchen Liau,Anonymous,1,,
Jongseok Park,Anonymous,1,,
Jong-hun Shin,Anonymous,1,,
